Nome;Endereço;Data de Nascimento;Telefone
Lucas Gabriel Porto;"Loteamento Erick Cirino, 11
Jardim Atlântico
86302-187 Caldeira de Cardoso / DF";22/10/1945;71 2520 1950
Catarina Gomes;"Loteamento de Novaes, 31
Vitoria Da Conquista
40409851 Câmara / AC";06/02/1992;71 0453 7982
Otávio da Conceição;"Chácara Lorenzo Fonseca, 88
Novo Das Industrias
56890-702 Santos de da Conceição / MG";30/05/1990;21 5519 0653
Dom Costela;"Conjunto Macedo, 4
Vila Copasa
74625-856 da Luz de Peixoto / BA";02/03/1950;+55 61 3798-0904
Liz Barros;"Residencial Albuquerque, 2
Palmares
87129-932 Camargo do Norte / AL";04/07/1974;+55 61 4976-4624
Dra. Daniela Nogueira;"Esplanada de Silva, 77
Engenho Nogueira
49204-945 da Paz Paulista / SE";30/04/1992;(081) 5205 2759
Daniel Casa Grande;"Área de Alves
Coqueiros
46787-275 Gomes de Pereira / MS";26/06/1956;0900-701-1619
Hadassa da Paz;"Esplanada Sofia Nunes, 46
Vila Independencia 1ª Seção
47029-431 Moreira de da Rosa / ES";20/06/2001;(084) 7559-6105
Kevin Macedo;"Estação Barros, 54
Nossa Senhora Da Conceição
10982-617 Almeida Paulista / MA";11/12/1998;(081) 7150 0475
Sr. Diego Ribeiro;"Morro Aylla Sá, 237
Vila Cemig
37548747 Guerra / GO";06/05/1976;0500-258-6654
